gene_id,logFC,pvalue,fdr,significant,comparison
PKD1,-0.25460206187820644,2.517680348751761e-4,0.09712941665231353,TRUE,WT_vs_severe
TNC,0.27582935647624285,5.095806664104614e-5,0.06317551066087397,TRUE,WT_vs_severe
PHKA2,-0.34456970136126175,7.603851731614634e-4,0.16256377727278845,TRUE,WT_vs_severe
BICRA,-0.2388399319903836,6.725895831673702e-4,0.15468266971343422,TRUE,WT_vs_severe
CACNB1,-0.2705021993204138,8.107229115976691e-4,0.16256377727278845,TRUE,WT_vs_severe
ANKRD10,-0.5279111086668687,9.175026851302014e-4,0.17372779080882894,TRUE,WT_vs_severe
CREM,0.23040770968768287,2.5149353515784684e-4,0.09712941665231353,TRUE,WT_vs_severe
APOL1,0.2764393890941761,0.0010974440669863643,0.1848497689730976,TRUE,WT_vs_severe
CEMIP,0.6273323334018027,1.5405739164915014e-6,0.004605930866830466,TRUE,WT_vs_severe
CACTIN,-0.1992283894893887,0.0012624702600593767,0.19607638753311799,TRUE,WT_vs_severe
PTN,0.2748932101417358,5.2826750280854553e-5,0.06317551066087397,TRUE,WT_vs_severe
OAS3,0.3693047680652556,1.421319541328586e-4,0.08762462182502916,TRUE,WT_vs_severe
DDX12B,-0.39898523148147463,7.386598167010736e-5,0.07049749927653051,TRUE,WT_vs_severe
CUL9,-0.2844419244624635,9.763322736246174e-4,0.17372779080882894,TRUE,WT_vs_severe
CISH,0.3587426056592483,7.576536677481368e-4,0.16256377727278845,TRUE,WT_vs_severe
STAT1,0.22700702354607802,7.663468663410895e-4,0.16256377727278845,TRUE,WT_vs_severe
GBP1,1.0489428994582466,8.810940574781135e-6,0.0175616730556346,TRUE,WT_vs_severe
IFIT3,2.0284014659182255,3.3976910362350078e-9,2.0316493551167227e-5,TRUE,WT_vs_severe
IFIT2,1.2708263381811815,3.4086539774545407e-4,0.10452331517020218,TRUE,WT_vs_severe
IRF1,0.3973387056563535,1.538688066164071e-4,0.08762462182502916,TRUE,WT_vs_severe
TMX4,0.27441123657474703,9.63136585541796e-4,0.17372779080882894,TRUE,WT_vs_severe
IFI6,1.01465290936501,1.1038781982491154e-9,1.3201279372861172e-5,TRUE,WT_vs_severe
BST2,0.19910552195764109,3.4992098080927737e-4,0.10461762523745372,TRUE,WT_vs_severe
HELZ2,0.3610850214659311,4.512371395684349e-4,0.12549639423485842,TRUE,WT_vs_severe
THEMIS2,0.349516797084542,1.0989847251082995e-4,0.08214223954731346,TRUE,WT_vs_severe
RNF122,0.33322702591175524,5.083710355884317e-4,0.13510242699115677,TRUE,WT_vs_severe
KCP,-0.3333848373025329,3.1031678210674454e-4,0.09999176132968483,TRUE,WT_vs_severe
ANKRD6,-0.39278109796370536,3.9330144430180084e-4,0.11471931640012771,TRUE,WT_vs_severe
PAN2,-0.2695445456966559,4.301689459504162e-4,0.12248548630050064,TRUE,WT_vs_severe
IFI44,0.9425856308011336,2.6802163638484376e-4,0.09712941665231353,TRUE,WT_vs_severe
PARP9,0.34027332942734223,6.177471921529228e-4,0.15311483487136263,TRUE,WT_vs_severe
CPNE8,0.18020968804142756,8.03906661294976e-4,0.16256377727278845,TRUE,WT_vs_severe
WARS1,0.34502775811508957,3.441835473244079e-5,0.05145113803065743,TRUE,WT_vs_severe
IFITM3,0.22997824984937407,1.1716191343625426e-4,0.0824199601637744,TRUE,WT_vs_severe
UBE2L6,0.23945858174245532,1.8909768084916667e-4,0.09712941665231353,TRUE,WT_vs_severe
SNX22,-0.24833725814045168,2.827316333282984e-4,0.09944669420509178,TRUE,WT_vs_severe
VMA21,0.23097334758800908,6.273623972486637e-4,0.15311483487136263,TRUE,WT_vs_severe
NBEAL2,-0.2610777981941251,2.2481501687896682e-4,0.09712941665231353,TRUE,WT_vs_severe
SHANK1,-0.24633993133758497,0.0012334756623053004,0.1953343553455336,TRUE,WT_vs_severe
WDR90,-0.2282989496076685,9.67649526811774e-4,0.17372779080882894,TRUE,WT_vs_severe
ACOT11,-0.38462388391318564,6.053458684860489e-4,0.15311483487136263,TRUE,WT_vs_severe
NBPF20,-0.33246175560131075,7.950405736516926e-4,0.16256377727278845,TRUE,WT_vs_severe
IGFN1,-0.5455591754490132,7.663412414038772e-5,0.07049749927653051,TRUE,WT_vs_severe
IFI16,0.26152218201912086,0.0011763430544788195,0.19010657552043517,TRUE,WT_vs_severe
CCDC127,0.20578408177657537,9.87832575884302e-4,0.17372779080882894,TRUE,WT_vs_severe
REEP3,0.26881345037106225,8.346628667566198e-4,0.16363497087774453,TRUE,WT_vs_severe
ZNF23,-0.40945816051034817,7.227506669636468e-4,0.16256377727278845,TRUE,WT_vs_severe
TAP1,0.37430426164295333,2.3449370406148634e-4,0.09712941665231353,TRUE,WT_vs_severe
ING5,-0.18989055278884512,0.0012413588934075217,0.1953343553455336,TRUE,WT_vs_severe
ISG20,0.3120079466906274,6.700224167009483e-4,0.15468266971343422,TRUE,WT_vs_severe
STAG3L3,-0.2796360696542432,8.745534320455951e-4,0.16869007248118179,TRUE,WT_vs_severe
MARCKSL1,0.12099988608775072,8.15605538620897e-4,0.16256377727278845,TRUE,WT_vs_severe
PLAAT3,0.28860493624845274,6.11871532621754e-4,0.15311483487136263,TRUE,WT_vs_severe
SAMD9L,0.7786441122247969,1.5088051003687953e-4,0.08762462182502916,TRUE,WT_vs_severe
SOCS4,-0.3769917416283158,1.3191598537242528e-4,0.08762462182502916,TRUE,WT_vs_severe
LRRC57,0.39358389988102976,6.858053773350872e-5,0.07049749927653051,TRUE,WT_vs_severe
POLR2A,-0.7625243907404,2.6388661827201926e-4,0.09712941665231353,TRUE,WT_vs_severe
MX2,0.7726451679964614,0.001029492033099176,0.1784303655627978,TRUE,WT_vs_severe
DUSP8,0.4284935786932569,2.2363939894824784e-4,0.09712941665231353,TRUE,WT_vs_severe
SOCS3,0.8993969389782561,5.996936101258191e-7,0.0023905786278315567,TRUE,WT_vs_severe
USP18,0.48072266854601325,3.0690892839618864e-4,0.09999176132968483,TRUE,WT_vs_severe
PURA,-0.2908052967010614,0.0011387785189852105,0.18871262552213172,TRUE,WT_vs_severe
IFITM1,0.6788729553521573,3.4616409981457793e-6,0.008279552939365076,TRUE,WT_vs_severe
BAGE2,-0.3072004975849279,3.336920007544862e-5,0.05145113803065743,TRUE,WT_vs_severe
H1-0,0.12759547137321992,4.632809620386595e-4,0.12591765965955293,TRUE,WT_vs_severe
HBG2,-0.5512599546212397,8.727731765838522e-5,0.07248036203908802,TRUE,WT_vs_severe
SYNGAP1,-0.46106131936495687,6.722223876545187e-4,0.15468266971343422,TRUE,WT_vs_severe
FCHSD1,-0.20540268840556852,9.09110653554913e-5,0.07248036203908802,TRUE,WT_vs_severe
TYW1,0.24519872638282572,2.0261854661196186e-4,0.09712941665231353,TRUE,WT_vs_severe
HLA-E,0.2545216480217513,2.28542536756418e-4,0.09712941665231353,TRUE,WT_vs_severe
TECPR1,-0.30040993148861106,2.2944109757249277e-4,0.09712941665231353,TRUE,WT_vs_severe
NPAP1P9,0.28867782744188125,0.001151937592032412,0.18871262552213172,TRUE,WT_vs_severe
GOLGA8B,-0.22773758400161764,3.027639687737297e-4,0.09999176132968483,TRUE,WT_vs_severe
CEBPD,0.2347530636987874,0.0010935947319014373,0.1848497689730976,TRUE,WT_vs_severe
CCDC188,-0.24373106870794556,2.6341582587293745e-4,0.09712941665231353,TRUE,WT_vs_severe
NBPF19,-0.3009178829137617,3.177261418620306e-4,0.09999176132968483,TRUE,WT_vs_severe
LINC00869,0.16873734175378466,9.308857285532695e-4,0.17372779080882894,TRUE,WT_vs_severe
YPEL3,0.26009594163226213,1.1325741764666815e-4,0.17604413181335812,TRUE,WT_vs_mild
CERS4,0.3750266425513707,4.142359450947078e-4,0.19211532074589313,TRUE,WT_vs_mild
CBX5,0.18593329538315384,5.068898531056645e-4,0.1955450242996981,TRUE,WT_vs_mild
DDTL,0.5935233656932111,4.5750559615753125e-4,0.19211532074589313,TRUE,WT_vs_mild
SLCO4A1,0.43792361617554826,5.8743865164305163e-5,0.17604413181335812,TRUE,WT_vs_mild
ERRFI1,0.2915342310765095,4.6772471517784905e-4,0.19211532074589313,TRUE,WT_vs_mild
DUSP4,0.2481794995110553,1.760428016943187e-5,0.10526479327311787,TRUE,WT_vs_mild
PLAU,0.18851856728129845,3.8937347698473745e-4,0.19211532074589313,TRUE,WT_vs_mild
APOBEC3F,0.2799651133078114,3.9952595711897004e-4,0.19211532074589313,TRUE,WT_vs_mild
ARHGEF6,0.23061538449040314,3.0295653184629596e-4,0.19211532074589313,TRUE,WT_vs_mild
PHF10,0.16571101176920405,2.6675501499757976e-4,0.19211532074589313,TRUE,WT_vs_mild
UCK1,0.2100766721825427,4.415952609051104e-4,0.19211532074589313,TRUE,WT_vs_mild
WDR44,0.24326021533811265,1.3617897227494793e-4,0.18095159215956694,TRUE,WT_vs_mild
MYH15,0.3217181205458239,4.310935649783958e-4,0.19211532074589313,TRUE,WT_vs_mild
PDGFC,0.2775656420629205,3.483689168493876e-4,0.19211532074589313,TRUE,WT_vs_mild
JAK1,-1.3676547706710107,2.6735839010889664e-7,0.003197338987312295,TRUE,WT_vs_mild
MAD2L1,-0.18306651268258867,8.723258652547299e-5,0.17604413181335812,TRUE,WT_vs_mild
REEP3,0.21439839026529248,2.945703290182762e-4,0.19211532074589313,TRUE,WT_vs_mild
TRPV3,-0.4470493775710458,3.5859592534622257e-4,0.19211532074589313,TRUE,WT_vs_mild
MARCKSL1,0.15296055029439318,1.8296619246031804e-4,0.19211532074589313,TRUE,WT_vs_mild
TRIML2,-0.19300117203472322,3.578791499682382e-4,0.19211532074589313,TRUE,WT_vs_mild
HEXIM1,0.12397306871382843,2.3083250484846906e-4,0.19211532074589313,TRUE,WT_vs_mild
ENTPD5,-0.2754458617450663,4.819349128168571e-4,0.19211532074589313,TRUE,WT_vs_mild
RILPL1,-0.19105423984330397,1.0183040652686755e-4,0.17604413181335812,TRUE,WT_vs_mild
ARL4C,0.3323169899350612,2.491575475727018e-4,0.19211532074589313,TRUE,WT_vs_mild
SBSN,-0.34098826146421046,1.1776511869778952e-4,0.17604413181335812,TRUE,WT_vs_mild
TDRD7,0.19104499840561392,2.2034007469835844e-4,0.19211532074589313,TRUE,WT_vs_mild
HBG2,-0.41555755063198785,1.7284662527176415e-4,0.19211532074589313,TRUE,WT_vs_mild
ITGBL1,0.17444380661373998,3.8815512024042753e-4,0.19211532074589313,TRUE,WT_vs_mild
CCDC69,0.32675206242537125,4.282342076861193e-4,0.19211532074589313,TRUE,WT_vs_mild
ZNF652,0.3137199960282369,9.17978303971145e-5,0.17604413181335812,TRUE,WT_vs_mild
SPPL2B,-0.21527515698192096,5.659549119477382e-4,0.11768535811718558,TRUE,mild_vs_severe
PHF20,0.1854196107706272,9.019011741888733e-4,0.1540833734589248,TRUE,mild_vs_severe
TNC,0.3242949079147208,1.7354894519794903e-4,0.06104328928300801,TRUE,mild_vs_severe
SNX29,-0.36106271926529276,1.97667955752286e-5,0.018183931406473758,TRUE,mild_vs_severe
CLPTM1L,-0.1507196927502735,5.707626700223066e-4,0.11768535811718558,TRUE,mild_vs_severe
IFI35,0.2999360889300283,1.7060223807106056e-5,0.017001934709098443,TRUE,mild_vs_severe
RAB11FIP3,-0.19123708990853727,0.0013288969592963077,0.17658087484693935,TRUE,mild_vs_severe
TNRC6A,-0.14538617539986182,0.0012632779923522598,0.17658087484693935,TRUE,mild_vs_severe
CCDC80,0.14302527030382908,7.693492298388034e-4,0.13732309611406343,TRUE,mild_vs_severe
DDTL,-0.3435668197020566,6.884016354086123e-4,0.12753003299038754,TRUE,mild_vs_severe
APOL1,0.33693588602090563,7.386369453943406e-4,0.13383877621168058,TRUE,mild_vs_severe
DHRS7,0.22359227600458384,6.156860764641638e-4,0.1207047506300809,TRUE,mild_vs_severe
CEMIP,0.7539905226942166,5.2450114992973625e-9,2.090836417336572e-5,TRUE,mild_vs_severe
CALB1,-0.4983552744263796,1.8996953389239742e-4,0.0641027001051148,TRUE,mild_vs_severe
DOT1L,-0.19199148275131414,8.759349212378474e-4,0.15181602497222343,TRUE,mild_vs_severe
NAMPT,0.17102878311706757,0.0015389541944036498,0.18973560011209534,TRUE,mild_vs_severe
OAS3,0.33970011653455945,9.292610165164481e-5,0.03832080171213863,TRUE,mild_vs_severe
CISH,0.42963131416471073,6.657080029408444e-5,0.02843286431131985,TRUE,mild_vs_severe
FN1,-0.3326596760508968,5.992875793927985e-4,0.1207047506300809,TRUE,mild_vs_severe
STAT1,0.26176061667205247,6.869519718613445e-4,0.12753003299038754,TRUE,mild_vs_severe
FBXO2,-0.3933570170320165,4.1998734156013687e-4,0.09658901187918609,TRUE,mild_vs_severe
GBP1,0.9619472822505848,1.3367779948425564e-5,0.015392567433950921,TRUE,mild_vs_severe
ONECUT2,-0.4160025971504627,1.9296740561787213e-4,0.0641027001051148,TRUE,mild_vs_severe
IFIT3,2.053624977673121,1.36996215341862e-10,1.6383377392733276e-6,TRUE,mild_vs_severe
IFIT2,1.0494742052985473,9.276770539783229e-4,0.15625478716234878,TRUE,mild_vs_severe
EGR1,0.3334597151424405,2.4006104175989076e-4,0.06815505418763552,TRUE,mild_vs_severe
INHBA,0.41845712078317115,0.0010359985144014453,0.16971926347571076,TRUE,mild_vs_severe
IRF1,0.6063752705036414,3.83421114104481e-7,9.170666207150977e-4,TRUE,mild_vs_severe
IFI6,0.9303118113518534,3.552884895567006e-9,2.090836417336572e-5,TRUE,mild_vs_severe
ZFP36,0.268706276865715,1.5119415306233118e-4,0.054791844741588436,TRUE,mild_vs_severe
HELZ2,0.41993063918162504,1.0289073288363845e-4,0.041015675818514404,TRUE,mild_vs_severe
TRIM28,-0.23911923515997843,3.0504158123284768e-5,0.021458778058609563,TRUE,mild_vs_severe
IL15RA,0.3083870483400019,6.648853020835227e-5,0.02843286431131985,TRUE,mild_vs_severe
DDB2,-0.1295188886372609,4.158817486137707e-4,0.09658901187918609,TRUE,mild_vs_severe
CTSL,0.22629677840266446,5.698187180970184e-4,0.11768535811718558,TRUE,mild_vs_severe
ANKRD6,-0.34529555264697426,0.001396362416000659,0.17743258710925305,TRUE,mild_vs_severe
SLC9A5,-0.28347596942813663,0.0013765751297908461,0.17743258710925305,TRUE,mild_vs_severe
SCN2A,-0.3366477740878119,6.638232187253431e-4,0.12753003299038754,TRUE,mild_vs_severe
DDX60,0.7135555817408228,3.0057008499584005e-5,0.021458778058609563,TRUE,mild_vs_severe
HAUS2,0.27058787605786716,1.0911631022660877e-4,0.04209425658064562,TRUE,mild_vs_severe
IFI44,1.1374118288022548,4.024625110821708e-4,0.09658901187918609,TRUE,mild_vs_severe
DUSP5,0.14959940744222527,0.0015987405560098417,0.19509528887062955,TRUE,mild_vs_severe
PARP9,0.34999758746745563,5.080043949662498e-5,0.024067756640476213,TRUE,mild_vs_severe
WARS1,0.4581141737692452,2.3509763822519285e-8,7.028831638837703e-5,TRUE,mild_vs_severe
GALNT1,0.185257432984672,2.450595643505584e-4,0.06815505418763552,TRUE,mild_vs_severe
NPC1,0.2184829346803137,5.232558513691626e-5,0.024067756640476213,TRUE,mild_vs_severe
IFITM3,0.2550370538152154,6.218643761707673e-7,0.0012394793457710343,TRUE,mild_vs_severe
SIK1,0.27531726539369794,4.453466135125782e-5,0.022191250629153846,TRUE,mild_vs_severe
MYH15,-0.3053724640798825,2.8205072474459084e-4,0.07509857327577858,TRUE,mild_vs_severe
PDGFC,-0.2654129186586919,4.309018881658258e-5,0.022191250629153846,TRUE,mild_vs_severe
CCDC120,-0.599188569837242,3.7173256456284606e-5,0.022191250629153846,TRUE,mild_vs_severe
ATM,-0.3614608660622153,0.0013222425293948222,0.17658087484693935,TRUE,mild_vs_severe
NOCT,0.22178133070048175,0.0012684877857826109,0.17658087484693935,TRUE,mild_vs_severe
UBE2L6,0.2438856782089739,3.858983263813259e-5,0.022191250629153846,TRUE,mild_vs_severe
LDLRAP1,-0.30564433575961547,0.0012778294976033796,0.17658087484693935,TRUE,mild_vs_severe
JAK1,0.8503317659598627,4.147231959610411e-4,0.09658901187918609,TRUE,mild_vs_severe
IER5,0.20789386627942677,3.964610027042058e-5,0.022191250629153846,TRUE,mild_vs_severe
DPY30,0.14413259181485377,0.0013990483589760906,0.17743258710925305,TRUE,mild_vs_severe
IFI16,0.24738423735224283,3.970682282322731e-5,0.022191250629153846,TRUE,mild_vs_severe
TERT,-0.3156384107813188,2.1570707543720175e-4,0.06615108714034836,TRUE,mild_vs_severe
FABP5,0.22588138455772716,2.2437917197070737e-4,0.06615108714034836,TRUE,mild_vs_severe
BRI3,0.3995396102413527,2.0969327029990138e-4,0.06615108714034836,TRUE,mild_vs_severe
TMEM184A,-0.330842238856633,3.8510543336427974e-4,0.09594741411673795,TRUE,mild_vs_severe
MESP1,0.3100251994504292,0.0010924013926917515,0.17418704340267543,TRUE,mild_vs_severe
B4GALNT2,-0.5558188165125338,2.6184473665792582e-5,0.021458778058609563,TRUE,mild_vs_severe
OR51B5,0.17208788371767847,6.112801197108771e-4,0.1207047506300809,TRUE,mild_vs_severe
SEMA6B,-1.2431469158689672,0.0015171639910495402,0.1889975434266818,TRUE,mild_vs_severe
KRT80,-0.1991016115779909,0.0016755390674004788,0.1983937792776468,TRUE,mild_vs_severe
TAP1,0.3088571203165769,5.153590826027268e-4,0.11413294942307425,TRUE,mild_vs_severe
TM4SF1,0.20617714265242548,4.888056012557407e-4,0.1102948336871208,TRUE,mild_vs_severe
MYO7B,0.19554493775775725,0.0016352780505453203,0.19556290206471486,TRUE,mild_vs_severe
FAXDC2,-0.642651568098352,0.001228585933913985,0.17658087484693935,TRUE,mild_vs_severe
PAQR8,-0.24856574009959126,0.0016218285268893527,0.19556290206471486,TRUE,mild_vs_severe
JUNB,0.2867975469471699,4.342843038039486e-5,0.022191250629153846,TRUE,mild_vs_severe
ISG20,0.4093150210385082,3.846228127900847e-4,0.09594741411673795,TRUE,mild_vs_severe
CEBPB,0.36761141900243316,2.2679108393296117e-4,0.06615108714034836,TRUE,mild_vs_severe
IL17D,0.3941289894133726,1.4158227424823156e-5,0.015392567433950921,TRUE,mild_vs_severe
HECTD4,-0.32618218139843536,2.8258514904340134e-4,0.07509857327577858,TRUE,mild_vs_severe
ABLIM3,-0.19299314604081494,0.0012373440964914325,0.17658087484693935,TRUE,mild_vs_severe
RABEP2,-0.29668864363583836,0.0012969597145775613,0.17658087484693935,TRUE,mild_vs_severe
GPR137C,-0.5684612150322059,6.931559615666184e-4,0.12753003299038754,TRUE,mild_vs_severe
SOCS3,0.979999091318272,7.515136693823073e-7,0.001283907424591859,TRUE,mild_vs_severe
H1-10,0.19847256719429804,0.0012722999120146226,0.17658087484693935,TRUE,mild_vs_severe
USP18,0.5895925699638491,2.760614919078463e-6,0.004126774227157418,TRUE,mild_vs_severe
NPIPB4,-0.8130289728348967,5.590894257064181e-4,0.11768535811718558,TRUE,mild_vs_severe
IFITM1,0.7214110002729531,3.696628916714669e-6,0.004911998357221192,TRUE,mild_vs_severe
SMYD4,-0.22751726938405717,7.947263627773944e-4,0.13976665547727735,TRUE,mild_vs_severe
HES4,0.18048599035794577,2.2273316491619707e-4,0.06615108714034836,TRUE,mild_vs_severe
IER5L,0.19476166009675475,0.001358652017755629,0.17743258710925305,TRUE,mild_vs_severe
TMEM63A,-0.292410848594442,0.001136403720677156,0.17658087484693935,TRUE,mild_vs_severe
YRDC,0.29020937128002783,0.0012016311667150431,0.17658087484693935,TRUE,mild_vs_severe
CASP4,0.2249490625294032,2.97407953747662e-4,0.07731960258409325,TRUE,mild_vs_severe
IRAK4,-0.35995141933338315,0.0010542938530182504,0.17038243497628724,TRUE,mild_vs_severe
DDR1,-0.2348845200100267,0.0013169629525678675,0.17658087484693935,TRUE,mild_vs_severe
HLA-E,0.28256393624462167,2.975245431968745e-5,0.021458778058609563,TRUE,mild_vs_severe
IRF9,0.342482567578697,0.0013233186514806678,0.17658087484693935,TRUE,mild_vs_severe
CEBPD,0.36341836999779586,0.0011920998716825524,0.17658087484693935,TRUE,mild_vs_severe
SLC12A8,0.6103761975218172,1.1577854053350632e-4,0.043268611445006315,TRUE,mild_vs_severe
APOL6,0.38444326888205793,9.654865407289627e-4,0.16036463250802313,TRUE,mild_vs_severe
CCT6P1,0.3771656812278601,0.001223447212862797,0.17658087484693935,TRUE,mild_vs_severe
C17orf113,-0.3898976970764844,0.0014094904068382842,0.17743258710925305,TRUE,mild_vs_severe
